ID,Name,PhotoUrl
479937086,Nellie Phillips,https://randomuser.me/api/portraits/women/44.jpg
944943631,Audrey Alvarez,https://randomuser.me/api/portraits/women/69.jpg
721209451,Norma Campbell,https://randomuser.me/api/portraits/women/7.jpg
288980733,Randall Gonzalez,https://randomuser.me/api/portraits/men/92.jpg
776468511,Melissa Gonzalez,https://randomuser.me/api/portraits/women/84.jpg
47008547,Albert Gibson,https://randomuser.me/api/portraits/men/47.jpg
984427767,Alexis Simmons,https://randomuser.me/api/portraits/women/20.jpg
318071556,Bernice Robinson,https://randomuser.me/api/portraits/women/65.jpg
631821289,Becky Burns,https://randomuser.me/api/portraits/women/51.jpg
455050577,Sara Hernandez,https://randomuser.me/api/portraits/women/64.jpg
